index,s,t,p,e,c
1,33400,33400,3,[0.29411765 0.52941176 0.71470588 0.85764706],3
2,33288,33288,3,[0.29411765 0.52941176 0.71470588 0.85764706],3
3,28830,28830,3,[0.29411765 0.52941176 0.71470588 0.85764706],3
4,11055,11055,3,[0.29411765 0.52941176 0.71470588 0.85764706],3
5,11161,11161,3,[0.29411765 0.52941176 0.71470588 0.85764706],3
6,17866,17866,3,[0.29411765 0.52941176 0.71470588 0.85764706],3
7,28569,28569,3,[0.29411765 0.52941176 0.71470588 0.85764706],3
8,15667,15667,3,[0.29411765 0.52941176 0.71470588 0.85764706],3
9,21927,21927,3,[0.29411765 0.52941176 0.71470588 0.85764706],3
10,10052,10052,3,[0.29411765 0.52941176 0.71470588 0.85764706],3
11,22324,22324,3,[0.29411765 0.52941176 0.71470588 0.85764706],3
12,26231,26231,3,[0.29411765 0.52941176 0.71470588 0.85764706],3
13,10497,10497,3,[0.29411765 0.52941176 0.71470588 0.85764706],3
14,19188,19188,3,[0.29411765 0.52941176 0.71470588 0.85764706],3
15,29431,29431,3,[0.29411765 0.52941176 0.71470588 0.85764706],3
16,33215,33215,3,[0.29411765 0.52941176 0.71470588 0.85764706],3
17,17910,17910,3,[0.29411765 0.52941176 0.71470588 0.85764706],3
18,24286,24286,3,[0.29411765 0.52941176 0.71470588 0.85764706],3
19,31526,31526,3,[0.29411765 0.52941176 0.71470588 0.85764706],3
20,13715,13715,3,[0.29411765 0.52941176 0.71470588 0.85764706],3
21,27031,27031,3,[0.29411765 0.52941176 0.71470588 0.85764706],3
22,27903,27903,3,[0.29411765 0.52941176 0.71470588 0.85764706],3
23,20573,20573,3,[0.29411765 0.52941176 0.71470588 0.85764706],3
24,32429,32429,3,[0.29411765 0.52941176 0.71470588 0.85764706],3
25,17108,17108,3,[0.29411765 0.52941176 0.71470588 0.85764706],3
26,3975,3975,3,[0.29411765 0.52941176 0.71470588 0.85764706],3
27,31365,31365,3,[0.29411765 0.52941176 0.71470588 0.85764706],3
28,2613,2613,3,[0.29411765 0.52941176 0.71470588 0.85764706],3
29,29245,29245,3,[0.29411765 0.52941176 0.71470588 0.85764706],3
30,11502,11502,3,[0.29411765 0.52941176 0.71470588 0.85764706],3
31,11623,11623,3,[0.29411765 0.52941176 0.71470588 0.85764706],3
32,28755,28755,3,[0.29411765 0.52941176 0.71470588 0.85764706],3
33,18719,18719,3,[0.29411765 0.52941176 0.71470588 0.85764706],3
34,26121,26121,3,[0.29411765 0.52941176 0.71470588 0.85764706],3
35,8731,8731,3,[0.29411765 0.52941176 0.71470588 0.85764706],3
36,18264,18264,3,[0.29411765 0.52941176 0.71470588 0.85764706],3
37,24530,24530,3,[0.29411765 0.52941176 0.71470588 0.85764706],3
38,29583,29583,3,[0.29411765 0.52941176 0.71470588 0.85764706],3
39,13120,13120,3,[0.29411765 0.52941176 0.71470588 0.85764706],3
40,27116,27116,3,[0.29411765 0.52941176 0.71470588 0.85764706],3
41,29795,29795,3,[0.29411765 0.52941176 0.71470588 0.85764706],3
42,10619,10619,3,[0.29411765 0.52941176 0.71470588 0.85764706],3
43,4855,4855,3,[0.29411765 0.52941176 0.71470588 0.85764706],3
44,19473,19473,3,[0.29411765 0.52941176 0.71470588 0.85764706],3
45,25306,25306,3,[0.29411765 0.52941176 0.71470588 0.85764706],3
46,11983,11983,3,[0.29411765 0.52941176 0.71470588 0.85764706],3
47,20205,20205,3,[0.29411765 0.52941176 0.71470588 0.85764706],3
48,8393,8393,3,[0.29411765 0.52941176 0.71470588 0.85764706],3
49,30736,30736,3,[0.29411765 0.52941176 0.71470588 0.85764706],3
50,8204,8204,3,[0.29411765 0.52941176 0.71470588 0.85764706],3
51,15871,15871,3,[0.29411765 0.52941176 0.71470588 0.85764706],3
52,727,727,3,[0.29411765 0.52941176 0.71470588 0.85764706],3
53,24619,24619,3,[0.29411765 0.52941176 0.71470588 0.85764706],3
54,21590,21590,3,[0.29411765 0.52941176 0.71470588 0.85764706],3
55,18384,18384,3,[0.29411765 0.52941176 0.71470588 0.85764706],3
56,4095,4095,3,[0.29411765 0.52941176 0.71470588 0.85764706],3
57,26441,26441,3,[0.29411765 0.52941176 0.71470588 0.85764706],3
58,26044,26044,3,[0.29411765 0.52941176 0.71470588 0.85764706],3
59,32321,32321,3,[0.29411765 0.52941176 0.71470588 0.85764706],3
60,23863,23863,3,[0.29411765 0.52941176 0.71470588 0.85764706],3
61,24442,24442,3,[0.29411765 0.52941176 0.71470588 0.85764706],3
62,23465,23465,3,[0.29411765 0.52941176 0.71470588 0.85764706],3
63,9961,9961,3,[0.29411765 0.52941176 0.71470588 0.85764706],3
64,7106,7106,3,[0.29411765 0.52941176 0.71470588 0.85764706],3
65,6031,6031,3,[0.29411765 0.52941176 0.71470588 0.85764706],3
66,482,482,3,[0.29411765 0.52941176 0.71470588 0.85764706],3
67,29245,29245,3,[0.29411765 0.52941176 0.71470588 0.85764706],3
68,8731,8731,3,[0.29411765 0.52941176 0.71470588 0.85764706],3
69,21809,21809,3,[0.29411765 0.52941176 0.71470588 0.85764706],3
70,16816,16816,3,[0.29411765 0.52941176 0.71470588 0.85764706],3
71,31080,31080,3,[0.29411765 0.52941176 0.71470588 0.85764706],3
72,11891,11891,3,[0.29411765 0.52941176 0.71470588 0.85764706],3
73,23491,23491,3,[0.29411765 0.52941176 0.71470588 0.85764706],3
74,21339,21339,3,[0.29411765 0.52941176 0.71470588 0.85764706],3
75,31028,31028,3,[0.29411765 0.52941176 0.71470588 0.85764706],3
76,25306,25306,3,[0.29411765 0.52941176 0.71470588 0.85764706],3
77,17772,17772,3,[0.29411765 0.52941176 0.71470588 0.85764706],3
78,20346,20346,3,[0.29411765 0.52941176 0.71470588 0.85764706],3
79,3192,3192,3,[0.29411765 0.52941176 0.71470588 0.85764706],3
80,28755,28755,3,[0.29411765 0.52941176 0.71470588 0.85764706],3
81,22504,22504,3,[0.29411765 0.52941176 0.71470588 0.85764706],3
82,5924,5924,3,[0.29411765 0.52941176 0.71470588 0.85764706],3
83,8964,8964,3,[0.29411765 0.52941176 0.71470588 0.85764706],3
84,14368,14368,3,[0.29411765 0.52941176 0.71470588 0.85764706],3
85,32475,32475,3,[0.29411765 0.52941176 0.71470588 0.85764706],3
86,3895,3895,3,[0.29411765 0.52941176 0.71470588 0.85764706],3
87,22345,22345,3,[0.29411765 0.52941176 0.71470588 0.85764706],3
88,14090,14090,3,[0.29411765 0.52941176 0.71470588 0.85764706],3
89,30417,30417,3,[0.29411765 0.52941176 0.71470588 0.85764706],3
90,33103,33103,3,[0.29411765 0.52941176 0.71470588 0.85764706],3
91,13048,13048,3,[0.29411765 0.52941176 0.71470588 0.85764706],3
92,10936,10936,3,[0.29411765 0.52941176 0.71470588 0.85764706],3
93,4635,4635,3,[0.29411765 0.52941176 0.71470588 0.85764706],3
94,25551,25551,3,[0.29411765 0.52941176 0.71470588 0.85764706],3
95,1790,1790,3,[0.29411765 0.52941176 0.71470588 0.85764706],3
96,4349,4349,3,[0.29411765 0.52941176 0.71470588 0.85764706],3
97,11986,11986,3,[0.29411765 0.52941176 0.71470588 0.85764706],3
98,7028,7028,3,[0.29411765 0.52941176 0.71470588 0.85764706],3
99,18372,18372,3,[0.29411765 0.52941176 0.71470588 0.85764706],3
100,8607,8607,3,[0.29411765 0.52941176 0.71470588 0.85764706],3
101,3320,3320,3,[0.29411765 0.52941176 0.71470588 0.85764706],3
102,4855,4855,3,[0.29411765 0.52941176 0.71470588 0.85764706],3
103,20685,20685,3,[0.29411765 0.52941176 0.71470588 0.85764706],3
104,5403,5403,3,[0.29411765 0.52941176 0.71470588 0.85764706],3
105,23092,23092,3,[0.29411765 0.52941176 0.71470588 0.85764706],3
106,22908,22908,3,[0.29411765 0.52941176 0.71470588 0.85764706],3
107,25029,25029,3,[0.29411765 0.52941176 0.71470588 0.85764706],3
108,18634,18634,3,[0.29411765 0.52941176 0.71470588 0.85764706],3
109,10563,10563,3,[0.29411765 0.52941176 0.71470588 0.85764706],3
110,5460,5460,3,[0.29411765 0.52941176 0.71470588 0.85764706],3
111,28276,28276,3,[0.29411765 0.52941176 0.71470588 0.85764706],3
112,12692,12692,3,[0.29411765 0.52941176 0.71470588 0.85764706],3
113,10068,10068,3,[0.29411765 0.52941176 0.71470588 0.85764706],3
114,22820,22820,3,[0.29411765 0.52941176 0.71470588 0.85764706],3
115,18061,18061,3,[0.29411765 0.52941176 0.71470588 0.85764706],3
116,11706,11706,3,[0.29411765 0.52941176 0.71470588 0.85764706],3
117,20822,20822,3,[0.29411765 0.52941176 0.71470588 0.85764706],3
118,26987,26987,3,[0.29411765 0.52941176 0.71470588 0.85764706],3
119,10836,10836,3,[0.29411765 0.52941176 0.71470588 0.85764706],3
120,8377,8377,3,[0.29411765 0.52941176 0.71470588 0.85764706],3
121,20128,20128,3,[0.29411765 0.52941176 0.71470588 0.85764706],3
122,1540,1540,3,[0.29411765 0.52941176 0.71470588 0.85764706],3
123,7845,7845,3,[0.29411765 0.52941176 0.71470588 0.85764706],3
124,9716,9716,3,[0.29411765 0.52941176 0.71470588 0.85764706],3
125,1716,1716,3,[0.29411765 0.52941176 0.71470588 0.85764706],3
126,21714,21714,3,[0.29411765 0.52941176 0.71470588 0.85764706],3
127,12572,12572,3,[0.29411765 0.52941176 0.71470588 0.85764706],3
128,27314,27314,3,[0.29411765 0.52941176 0.71470588 0.85764706],3
129,11485,11485,3,[0.29411765 0.52941176 0.71470588 0.85764706],3
130,3259,3259,3,[0.29411765 0.52941176 0.71470588 0.85764706],3
131,14986,14986,3,[0.29411765 0.52941176 0.71470588 0.85764706],3
132,18710,18710,3,[0.29411765 0.52941176 0.71470588 0.85764706],3
133,12195,12195,3,[0.29411765 0.52941176 0.71470588 0.85764706],3
134,21185,21185,3,[0.29411765 0.52941176 0.71470588 0.85764706],3
135,6089,6089,3,[0.29411765 0.52941176 0.71470588 0.85764706],3
136,19159,19159,3,[0.29411765 0.52941176 0.71470588 0.85764706],3
137,8793,8793,3,[0.29411765 0.52941176 0.71470588 0.85764706],3
138,19354,19354,3,[0.29411765 0.52941176 0.71470588 0.85764706],3
139,6264,6264,3,[0.29411765 0.52941176 0.71470588 0.85764706],3
140,15293,15293,3,[0.29411765 0.52941176 0.71470588 0.85764706],3
141,23873,23873,3,[0.29411765 0.52941176 0.71470588 0.85764706],3
142,27915,27915,3,[0.29411765 0.52941176 0.71470588 0.85764706],3
143,15395,15395,3,[0.29411765 0.52941176 0.71470588 0.85764706],3
144,6340,6340,3,[0.29411765 0.52941176 0.71470588 0.85764706],3
145,4669,4669,3,[0.29411765 0.52941176 0.71470588 0.85764706],3
146,29105,29105,3,[0.29411765 0.52941176 0.71470588 0.85764706],3
147,24619,24619,3,[0.29411765 0.52941176 0.71470588 0.85764706],3
148,6260,6260,3,[0.29411765 0.52941176 0.71470588 0.85764706],3
149,21339,21339,3,[0.29411765 0.52941176 0.71470588 0.85764706],3
150,8421,8421,3,[0.29411765 0.52941176 0.71470588 0.85764706],3
151,27229,27229,3,[0.29411765 0.52941176 0.71470588 0.85764706],3
152,25826,25826,3,[0.29411765 0.52941176 0.71470588 0.85764706],3
153,24377,24377,3,[0.29411765 0.52941176 0.71470588 0.85764706],3
154,5457,5457,3,[0.29411765 0.52941176 0.71470588 0.85764706],3
155,27143,27143,3,[0.29411765 0.52941176 0.71470588 0.85764706],3
156,22845,22845,3,[0.29411765 0.52941176 0.71470588 0.85764706],3
157,2456,2456,3,[0.29411765 0.52941176 0.71470588 0.85764706],3
158,28706,28706,3,[0.29411765 0.52941176 0.71470588 0.85764706],3
159,25410,25410,3,[0.29411765 0.52941176 0.71470588 0.85764706],3
160,27445,27445,3,[0.29411765 0.52941176 0.71470588 0.85764706],3
161,19530,19530,3,[0.29411765 0.52941176 0.71470588 0.85764706],3
162,33358,33358,3,[0.29411765 0.52941176 0.71470588 0.85764706],3
163,3293,3293,3,[0.29411765 0.52941176 0.71470588 0.85764706],3
164,21887,21887,3,[0.29411765 0.52941176 0.71470588 0.85764706],3
165,26821,26821,3,[0.29411765 0.52941176 0.71470588 0.85764706],3
166,10484,10484,3,[0.29411765 0.52941176 0.71470588 0.85764706],3
167,7997,7997,3,[0.29411765 0.52941176 0.71470588 0.85764706],3
168,8358,8358,3,[0.29411765 0.52941176 0.71470588 0.85764706],3
169,30789,30789,3,[0.29411765 0.52941176 0.71470588 0.85764706],3
170,13294,13294,3,[0.29411765 0.52941176 0.71470588 0.85764706],3
171,7106,7106,3,[0.29411765 0.52941176 0.71470588 0.85764706],3
172,12672,12672,3,[0.29411765 0.52941176 0.71470588 0.85764706],3
173,27415,27415,3,[0.29411765 0.52941176 0.71470588 0.85764706],3
174,2308,2308,3,[0.29411765 0.52941176 0.71470588 0.85764706],3
175,7271,7271,3,[0.29411765 0.52941176 0.71470588 0.85764706],3
176,5461,5461,3,[0.29411765 0.52941176 0.71470588 0.85764706],3
177,13265,13265,3,[0.29411765 0.52941176 0.71470588 0.85764706],3
178,10052,10052,3,[0.29411765 0.52941176 0.71470588 0.85764706],3
179,24871,24871,3,[0.29411765 0.52941176 0.71470588 0.85764706],3
180,32203,32203,3,[0.29411765 0.52941176 0.71470588 0.85764706],3
181,1517,1517,3,[0.29411765 0.52941176 0.71470588 0.85764706],3
182,8738,8738,3,[0.29411765 0.52941176 0.71470588 0.85764706],3
183,18376,18376,3,[0.29411765 0.52941176 0.71470588 0.85764706],3
184,10602,10602,3,[0.29411765 0.52941176 0.71470588 0.85764706],3
185,1790,1790,3,[0.29411765 0.52941176 0.71470588 0.85764706],3
186,6067,6067,3,[0.29411765 0.52941176 0.71470588 0.85764706],3
187,348,348,3,[0.29411765 0.52941176 0.71470588 0.85764706],3
188,29535,29535,3,[0.29411765 0.52941176 0.71470588 0.85764706],3
189,370,370,3,[0.29411765 0.52941176 0.71470588 0.85764706],3
190,4484,4484,3,[0.29411765 0.52941176 0.71470588 0.85764706],3
191,9307,9307,3,[0.29411765 0.52941176 0.71470588 0.85764706],3
192,10601,10601,3,[0.29411765 0.52941176 0.71470588 0.85764706],3
193,13823,13823,3,[0.29411765 0.52941176 0.71470588 0.85764706],3
194,20930,20930,3,[0.29411765 0.52941176 0.71470588 0.85764706],3
195,21905,21905,3,[0.29411765 0.52941176 0.71470588 0.85764706],3
196,26984,26984,3,[0.29411765 0.52941176 0.71470588 0.85764706],3
197,30106,30106,3,[0.29411765 0.52941176 0.71470588 0.85764706],3
198,7927,7927,3,[0.29411765 0.52941176 0.71470588 0.85764706],3
199,29246,29246,3,[0.29411765 0.52941176 0.71470588 0.85764706],3
200,31393,31393,3,[0.29411765 0.52941176 0.71470588 0.85764706],3
201,29677,29677,3,[0.29411765 0.52941176 0.71470588 0.85764706],3
202,4822,4822,3,[0.29411765 0.52941176 0.71470588 0.85764706],3
203,26015,26015,3,[0.29411765 0.52941176 0.71470588 0.85764706],3
204,24501,24501,3,[0.29411765 0.52941176 0.71470588 0.85764706],3
205,22309,22309,3,[0.29411765 0.52941176 0.71470588 0.85764706],3
206,7417,7417,3,[0.29411765 0.52941176 0.71470588 0.85764706],3
207,16473,16473,3,[0.29411765 0.52941176 0.71470588 0.85764706],3
208,30986,30986,3,[0.29411765 0.52941176 0.71470588 0.85764706],3
209,28325,28325,3,[0.29411765 0.52941176 0.71470588 0.85764706],3
210,16316,16316,3,[0.29411765 0.52941176 0.71470588 0.85764706],3
211,26409,26409,3,[0.29411765 0.52941176 0.71470588 0.85764706],3
212,6032,6032,3,[0.29411765 0.52941176 0.71470588 0.85764706],3
213,17315,17315,3,[0.29411765 0.52941176 0.71470588 0.85764706],3
214,12992,12992,3,[0.29411765 0.52941176 0.71470588 0.85764706],3
215,21876,21876,3,[0.29411765 0.52941176 0.71470588 0.85764706],3
216,8581,8581,3,[0.29411765 0.52941176 0.71470588 0.85764706],3
217,20290,20290,3,[0.29411765 0.52941176 0.71470588 0.85764706],3
218,5767,5767,3,[0.29411765 0.52941176 0.71470588 0.85764706],3
219,6423,6423,3,[0.29411765 0.52941176 0.71470588 0.85764706],3
220,1903,1903,3,[0.29411765 0.52941176 0.71470588 0.85764706],3
221,12588,12588,3,[0.29411765 0.52941176 0.71470588 0.85764706],3
222,15262,15262,3,[0.29411765 0.52941176 0.71470588 0.85764706],3
223,13307,13307,3,[0.29411765 0.52941176 0.71470588 0.85764706],3
224,18766,18766,3,[0.29411765 0.52941176 0.71470588 0.85764706],3
225,5363,5363,3,[0.29411765 0.52941176 0.71470588 0.85764706],3
226,18352,18352,3,[0.29411765 0.52941176 0.71470588 0.85764706],3
227,2020,2020,3,[0.29411765 0.52941176 0.71470588 0.85764706],3
228,21068,21068,3,[0.29411765 0.52941176 0.71470588 0.85764706],3
229,30000,30000,3,[0.29411765 0.52941176 0.71470588 0.85764706],3
230,28094,28094,3,[0.29411765 0.52941176 0.71470588 0.85764706],3
231,23391,23391,3,[0.29411765 0.52941176 0.71470588 0.85764706],3
232,5095,5095,3,[0.29411765 0.52941176 0.71470588 0.85764706],3
233,18750,18750,3,[0.29411765 0.52941176 0.71470588 0.85764706],3
234,20762,20762,3,[0.29411765 0.52941176 0.71470588 0.85764706],3
235,120,120,3,[0.29411765 0.52941176 0.71470588 0.85764706],3
236,3432,3432,3,[0.29411765 0.52941176 0.71470588 0.85764706],3
237,2006,2006,3,[0.29411765 0.52941176 0.71470588 0.85764706],3
238,29535,29535,3,[0.29411765 0.52941176 0.71470588 0.85764706],3
239,8559,8559,3,[0.29411765 0.52941176 0.71470588 0.85764706],3
240,30539,30539,3,[0.29411765 0.52941176 0.71470588 0.85764706],3
241,8373,8373,3,[0.29411765 0.52941176 0.71470588 0.85764706],3
242,15880,15880,3,[0.29411765 0.52941176 0.71470588 0.85764706],3
243,9508,9508,3,[0.29411765 0.52941176 0.71470588 0.85764706],3
244,10034,10034,3,[0.29411765 0.52941176 0.71470588 0.85764706],3
245,8892,8892,3,[0.29411765 0.52941176 0.71470588 0.85764706],3
246,5251,5251,3,[0.29411765 0.52941176 0.71470588 0.85764706],3
247,23398,23398,3,[0.29411765 0.52941176 0.71470588 0.85764706],3
248,28456,28456,3,[0.29411765 0.52941176 0.71470588 0.85764706],3
249,13101,13101,3,[0.29411765 0.52941176 0.71470588 0.85764706],3
250,26985,26985,3,[0.29411765 0.52941176 0.71470588 0.85764706],3
251,15718,15718,3,[0.29411765 0.52941176 0.71470588 0.85764706],3
252,20256,20256,3,[0.29411765 0.52941176 0.71470588 0.85764706],3
253,9806,9806,3,[0.29411765 0.52941176 0.71470588 0.85764706],3
254,4240,4240,3,[0.29411765 0.52941176 0.71470588 0.85764706],3
255,8875,8875,3,[0.29411765 0.52941176 0.71470588 0.85764706],3
256,6408,6408,3,[0.29411765 0.52941176 0.71470588 0.85764706],3
257,318,318,3,[0.29411765 0.52941176 0.71470588 0.85764706],3
258,26940,26940,3,[0.29411765 0.52941176 0.71470588 0.85764706],3
259,8550,8550,3,[0.29411765 0.52941176 0.71470588 0.85764706],3
260,11669,11669,3,[0.29411765 0.52941176 0.71470588 0.85764706],3
261,14991,14991,3,[0.29411765 0.52941176 0.71470588 0.85764706],3
262,1494,1494,3,[0.29411765 0.52941176 0.71470588 0.85764706],3
263,2635,2635,3,[0.29411765 0.52941176 0.71470588 0.85764706],3
264,23844,23844,3,[0.29411765 0.52941176 0.71470588 0.85764706],3
265,32174,32174,3,[0.29411765 0.52941176 0.71470588 0.85764706],3
266,4214,4214,3,[0.29411765 0.52941176 0.71470588 0.85764706],3
267,15629,15629,3,[0.29411765 0.52941176 0.71470588 0.85764706],3
268,18729,18729,3,[0.29411765 0.52941176 0.71470588 0.85764706],3
269,6541,6541,3,[0.29411765 0.52941176 0.71470588 0.85764706],3
270,7458,7458,3,[0.29411765 0.52941176 0.71470588 0.85764706],3
271,3799,3799,3,[0.29411765 0.52941176 0.71470588 0.85764706],3
272,9168,9168,3,[0.29411765 0.52941176 0.71470588 0.85764706],3
273,26610,26610,3,[0.29411765 0.52941176 0.71470588 0.85764706],3
274,31696,31696,3,[0.29411765 0.52941176 0.71470588 0.85764706],3
275,29587,29587,3,[0.29411765 0.52941176 0.71470588 0.85764706],3
276,30356,30356,3,[0.29411765 0.52941176 0.71470588 0.85764706],3
277,15105,15105,3,[0.29411765 0.52941176 0.71470588 0.85764706],3
278,28562,28562,3,[0.29411765 0.52941176 0.71470588 0.85764706],3
279,20173,20173,3,[0.29411765 0.52941176 0.71470588 0.85764706],3
280,20959,20959,3,[0.29411765 0.52941176 0.71470588 0.85764706],3
281,31813,31813,3,[0.29411765 0.52941176 0.71470588 0.85764706],3
282,27180,27180,3,[0.29411765 0.52941176 0.71470588 0.85764706],3
283,31221,31221,3,[0.29411765 0.52941176 0.71470588 0.85764706],3
284,28706,28706,3,[0.29411765 0.52941176 0.71470588 0.85764706],3
285,21498,21498,3,[0.29411765 0.52941176 0.71470588 0.85764706],3
286,30497,30497,3,[0.29411765 0.52941176 0.71470588 0.85764706],3
287,14940,14940,3,[0.29411765 0.52941176 0.71470588 0.85764706],3
288,3605,3605,3,[0.29411765 0.52941176 0.71470588 0.85764706],3
289,9090,9090,3,[0.29411765 0.52941176 0.71470588 0.85764706],3
290,9648,9648,3,[0.29411765 0.52941176 0.71470588 0.85764706],3
291,31131,31131,3,[0.29411765 0.52941176 0.71470588 0.85764706],3
292,31599,31599,3,[0.29411765 0.52941176 0.71470588 0.85764706],3
293,23708,23708,3,[0.29411765 0.52941176 0.71470588 0.85764706],3
294,19661,19661,3,[0.29411765 0.52941176 0.71470588 0.85764706],3
295,28036,28036,3,[0.29411765 0.52941176 0.71470588 0.85764706],3
296,16481,16481,3,[0.29411765 0.52941176 0.71470588 0.85764706],3
297,10273,10273,3,[0.29411765 0.52941176 0.71470588 0.85764706],3
298,24474,24474,3,[0.29411765 0.52941176 0.71470588 0.85764706],3
299,32739,32739,3,[0.29411765 0.52941176 0.71470588 0.85764706],3
300,11011,11011,3,[0.29411765 0.52941176 0.71470588 0.85764706],3
301,11276,11276,3,[0.29411765 0.52941176 0.71470588 0.85764706],3
302,29131,29131,3,[0.29411765 0.52941176 0.71470588 0.85764706],3
303,7456,7456,3,[0.29411765 0.52941176 0.71470588 0.85764706],3
304,30654,30654,3,[0.29411765 0.52941176 0.71470588 0.85764706],3
305,29815,29815,3,[0.29411765 0.52941176 0.71470588 0.85764706],3
306,18067,18067,3,[0.29411765 0.52941176 0.71470588 0.85764706],3
307,28360,28360,3,[0.29411765 0.52941176 0.71470588 0.85764706],3
308,20673,20673,3,[0.29411765 0.52941176 0.71470588 0.85764706],3
309,25142,25142,3,[0.29411765 0.52941176 0.71470588 0.85764706],3
310,18193,18193,3,[0.29411765 0.52941176 0.71470588 0.85764706],3
311,18219,18219,3,[0.29411765 0.52941176 0.71470588 0.85764706],3
312,19534,19534,3,[0.29411765 0.52941176 0.71470588 0.85764706],3
313,4681,4681,3,[0.29411765 0.52941176 0.71470588 0.85764706],3
314,27853,27853,3,[0.29411765 0.52941176 0.71470588 0.85764706],3
315,10042,10042,3,[0.29411765 0.52941176 0.71470588 0.85764706],3
316,16886,16886,3,[0.29411765 0.52941176 0.71470588 0.85764706],3
317,22225,22225,3,[0.29411765 0.52941176 0.71470588 0.85764706],3
318,28554,28554,3,[0.29411765 0.52941176 0.71470588 0.85764706],3
319,28830,28830,3,[0.29411765 0.52941176 0.71470588 0.85764706],3
320,18934,18934,3,[0.29411765 0.52941176 0.71470588 0.85764706],3
321,8776,8776,3,[0.29411765 0.52941176 0.71470588 0.85764706],3
322,20154,20154,3,[0.29411765 0.52941176 0.71470588 0.85764706],3
323,15258,15258,3,[0.29411765 0.52941176 0.71470588 0.85764706],3
324,12792,12792,3,[0.29411765 0.52941176 0.71470588 0.85764706],3
325,2626,2626,3,[0.29411765 0.52941176 0.71470588 0.85764706],3
326,1914,1914,3,[0.29411765 0.52941176 0.71470588 0.85764706],3
327,9002,9002,3,[0.29411765 0.52941176 0.71470588 0.85764706],3
328,11824,11824,3,[0.29411765 0.52941176 0.71470588 0.85764706],3
329,16873,16873,3,[0.29411765 0.52941176 0.71470588 0.85764706],3
330,14868,14868,3,[0.29411765 0.52941176 0.71470588 0.85764706],3
331,773,773,3,[0.29411765 0.52941176 0.71470588 0.85764706],3
332,13230,13230,3,[0.29411765 0.52941176 0.71470588 0.85764706],3
333,12572,12572,3,[0.29411765 0.52941176 0.71470588 0.85764706],3
334,4308,4308,3,[0.29411765 0.52941176 0.71470588 0.85764706],3
335,12755,12755,3,[0.29411765 0.52941176 0.71470588 0.85764706],3
336,17108,17108,3,[0.29411765 0.52941176 0.71470588 0.85764706],3
337,7871,7871,3,[0.29411765 0.52941176 0.71470588 0.85764706],3
338,24360,24360,3,[0.29411765 0.52941176 0.71470588 0.85764706],3
339,20448,20448,3,[0.29411765 0.52941176 0.71470588 0.85764706],3
340,26999,26999,3,[0.29411765 0.52941176 0.71470588 0.85764706],3
341,27,27,3,[0.29411765 0.52941176 0.71470588 0.85764706],3
342,29196,29196,3,[0.29411765 0.52941176 0.71470588 0.85764706],3
343,10051,10051,3,[0.29411765 0.52941176 0.71470588 0.85764706],3
344,5438,5438,3,[0.29411765 0.52941176 0.71470588 0.85764706],3
345,7909,7909,3,[0.29411765 0.52941176 0.71470588 0.85764706],3
346,9062,9062,3,[0.29411765 0.52941176 0.71470588 0.85764706],3
347,10163,10163,3,[0.29411765 0.52941176 0.71470588 0.85764706],3
348,8821,8821,3,[0.29411765 0.52941176 0.71470588 0.85764706],3
349,10151,10151,3,[0.29411765 0.52941176 0.71470588 0.85764706],3
350,24872,24872,3,[0.29411765 0.52941176 0.71470588 0.85764706],3
351,22395,22395,3,[0.29411765 0.52941176 0.71470588 0.85764706],3
352,32623,32623,3,[0.29411765 0.52941176 0.71470588 0.85764706],3
353,8264,8264,3,[0.29411765 0.52941176 0.71470588 0.85764706],3
354,10836,10836,3,[0.29411765 0.52941176 0.71470588 0.85764706],3
355,16564,16564,3,[0.29411765 0.52941176 0.71470588 0.85764706],3
356,14367,14367,3,[0.29411765 0.52941176 0.71470588 0.85764706],3
357,22099,22099,3,[0.29411765 0.52941176 0.71470588 0.85764706],3
358,11699,11699,3,[0.29411765 0.52941176 0.71470588 0.85764706],3
359,12854,12854,3,[0.29411765 0.52941176 0.71470588 0.85764706],3
360,19662,19662,3,[0.29411765 0.52941176 0.71470588 0.85764706],3
361,32605,32605,3,[0.29411765 0.52941176 0.71470588 0.85764706],3
362,5741,5741,3,[0.29411765 0.52941176 0.71470588 0.85764706],3
363,21720,21720,3,[0.29411765 0.52941176 0.71470588 0.85764706],3
364,14641,14641,3,[0.29411765 0.52941176 0.71470588 0.85764706],3
365,23319,23319,3,[0.29411765 0.52941176 0.71470588 0.85764706],3
366,14351,14351,3,[0.29411765 0.52941176 0.71470588 0.85764706],3
367,13861,13861,3,[0.29411765 0.52941176 0.71470588 0.85764706],3
368,16321,16321,3,[0.29411765 0.52941176 0.71470588 0.85764706],3
369,8518,8518,3,[0.29411765 0.52941176 0.71470588 0.85764706],3
370,1257,1257,3,[0.29411765 0.52941176 0.71470588 0.85764706],3
371,24733,24733,3,[0.29411765 0.52941176 0.71470588 0.85764706],3
372,21281,21281,3,[0.29411765 0.52941176 0.71470588 0.85764706],3
373,21996,21996,3,[0.29411765 0.52941176 0.71470588 0.85764706],3
374,11739,11739,3,[0.29411765 0.52941176 0.71470588 0.85764706],3
375,9572,9572,3,[0.29411765 0.52941176 0.71470588 0.85764706],3
376,14517,14517,3,[0.29411765 0.52941176 0.71470588 0.85764706],3
377,11454,11454,3,[0.29411765 0.52941176 0.71470588 0.85764706],3
378,20789,20789,3,[0.29411765 0.52941176 0.71470588 0.85764706],3
379,352,352,3,[0.29411765 0.52941176 0.71470588 0.85764706],3
380,15157,15157,3,[0.29411765 0.52941176 0.71470588 0.85764706],3
381,32737,32737,3,[0.29411765 0.52941176 0.71470588 0.85764706],3
382,30056,30056,3,[0.29411765 0.52941176 0.71470588 0.85764706],3
383,172,172,3,[0.29411765 0.52941176 0.71470588 0.85764706],3
384,5320,5320,3,[0.29411765 0.52941176 0.71470588 0.85764706],3
385,29166,29166,3,[0.29411765 0.52941176 0.71470588 0.85764706],3
386,10326,10326,3,[0.29411765 0.52941176 0.71470588 0.85764706],3
387,29464,29464,3,[0.29411765 0.52941176 0.71470588 0.85764706],3
388,30677,30677,3,[0.29411765 0.52941176 0.71470588 0.85764706],3
389,20762,20762,3,[0.29411765 0.52941176 0.71470588 0.85764706],3
390,22850,22850,3,[0.29411765 0.52941176 0.71470588 0.85764706],3
391,20002,20002,3,[0.29411765 0.52941176 0.71470588 0.85764706],3
392,10235,10235,3,[0.29411765 0.52941176 0.71470588 0.85764706],3
393,31880,31880,3,[0.29411765 0.52941176 0.71470588 0.85764706],3
394,23620,23620,3,[0.29411765 0.52941176 0.71470588 0.85764706],3
395,18061,18061,3,[0.29411765 0.52941176 0.71470588 0.85764706],3
396,18494,18494,3,[0.29411765 0.52941176 0.71470588 0.85764706],3
397,3022,3022,3,[0.29411765 0.52941176 0.71470588 0.85764706],3
398,15658,15658,3,[0.29411765 0.52941176 0.71470588 0.85764706],3
399,26954,26954,3,[0.29411765 0.52941176 0.71470588 0.85764706],3
400,28891,28891,3,[0.29411765 0.52941176 0.71470588 0.85764706],3
401,7184,7184,3,[0.29411765 0.52941176 0.71470588 0.85764706],3
402,3804,3804,3,[0.29411765 0.52941176 0.71470588 0.85764706],3
403,4698,4698,3,[0.29411765 0.52941176 0.71470588 0.85764706],3
404,27621,27621,3,[0.29411765 0.52941176 0.71470588 0.85764706],3
405,11653,11653,3,[0.29411765 0.52941176 0.71470588 0.85764706],3
406,13724,13724,3,[0.29411765 0.52941176 0.71470588 0.85764706],3
407,26581,26581,3,[0.29411765 0.52941176 0.71470588 0.85764706],3
408,4831,4831,3,[0.29411765 0.52941176 0.71470588 0.85764706],3
409,14506,14506,3,[0.29411765 0.52941176 0.71470588 0.85764706],3
410,8968,8968,3,[0.29411765 0.52941176 0.71470588 0.85764706],3
411,5992,5992,3,[0.29411765 0.52941176 0.71470588 0.85764706],3
412,27016,27016,3,[0.29411765 0.52941176 0.71470588 0.85764706],3
413,33608,33608,3,[0.29411765 0.52941176 0.71470588 0.85764706],3
414,2993,2993,3,[0.29411765 0.52941176 0.71470588 0.85764706],3
415,14025,14025,3,[0.29411765 0.52941176 0.71470588 0.85764706],3
416,16947,16947,3,[0.29411765 0.52941176 0.71470588 0.85764706],3
417,8915,8915,3,[0.29411765 0.52941176 0.71470588 0.85764706],3
418,13822,13822,3,[0.29411765 0.52941176 0.71470588 0.85764706],3
419,29613,29613,3,[0.29411765 0.52941176 0.71470588 0.85764706],3
420,12073,12073,3,[0.29411765 0.52941176 0.71470588 0.85764706],3
421,29538,29538,3,[0.29411765 0.52941176 0.71470588 0.85764706],3
422,32574,32574,3,[0.29411765 0.52941176 0.71470588 0.85764706],3
423,10198,10198,3,[0.29411765 0.52941176 0.71470588 0.85764706],3
424,3378,3378,3,[0.29411765 0.52941176 0.71470588 0.85764706],3
425,29977,29977,3,[0.29411765 0.52941176 0.71470588 0.85764706],3
426,2389,2389,3,[0.29411765 0.52941176 0.71470588 0.85764706],3
427,25010,25010,3,[0.29411765 0.52941176 0.71470588 0.85764706],3
428,14084,14084,3,[0.29411765 0.52941176 0.71470588 0.85764706],3
429,20397,20397,3,[0.29411765 0.52941176 0.71470588 0.85764706],3
430,31108,31108,3,[0.29411765 0.52941176 0.71470588 0.85764706],3
431,19268,19268,3,[0.29411765 0.52941176 0.71470588 0.85764706],3
432,20384,20384,3,[0.29411765 0.52941176 0.71470588 0.85764706],3
433,13915,13915,3,[0.29411765 0.52941176 0.71470588 0.85764706],3
434,21929,21929,3,[0.29411765 0.52941176 0.71470588 0.85764706],3
435,12413,12413,3,[0.29411765 0.52941176 0.71470588 0.85764706],3
436,9188,9188,3,[0.29411765 0.52941176 0.71470588 0.85764706],3
437,18638,18638,3,[0.29411765 0.52941176 0.71470588 0.85764706],3
438,27143,27143,3,[0.29411765 0.52941176 0.71470588 0.85764706],3
439,27812,27812,3,[0.29411765 0.52941176 0.71470588 0.85764706],3
440,24185,24185,3,[0.29411765 0.52941176 0.71470588 0.85764706],3
441,11010,11010,3,[0.29411765 0.52941176 0.71470588 0.85764706],3
442,18833,18833,3,[0.29411765 0.52941176 0.71470588 0.85764706],3
443,28755,28755,3,[0.29411765 0.52941176 0.71470588 0.85764706],3
444,25014,25014,3,[0.29411765 0.52941176 0.71470588 0.85764706],3
445,14623,14623,3,[0.29411765 0.52941176 0.71470588 0.85764706],3
446,25784,25784,3,[0.29411765 0.52941176 0.71470588 0.85764706],3
447,11502,11502,3,[0.29411765 0.52941176 0.71470588 0.85764706],3
448,21294,21294,3,[0.29411765 0.52941176 0.71470588 0.85764706],3
449,21039,21039,3,[0.29411765 0.52941176 0.71470588 0.85764706],3
450,22302,22302,3,[0.29411765 0.52941176 0.71470588 0.85764706],3
451,12130,12130,3,[0.29411765 0.52941176 0.71470588 0.85764706],3
452,869,869,3,[0.29411765 0.52941176 0.71470588 0.85764706],3
453,14483,14483,3,[0.29411765 0.52941176 0.71470588 0.85764706],3
454,21387,21387,3,[0.29411765 0.52941176 0.71470588 0.85764706],3
455,9044,9044,3,[0.29411765 0.52941176 0.71470588 0.85764706],3
456,6470,6470,3,[0.29411765 0.52941176 0.71470588 0.85764706],3
457,29563,29563,3,[0.29411765 0.52941176 0.71470588 0.85764706],3
458,7018,7018,3,[0.29411765 0.52941176 0.71470588 0.85764706],3
459,22489,22489,3,[0.29411765 0.52941176 0.71470588 0.85764706],3
460,31465,31465,3,[0.29411765 0.52941176 0.71470588 0.85764706],3
461,12051,12051,3,[0.29411765 0.52941176 0.71470588 0.85764706],3
462,15818,15818,3,[0.29411765 0.52941176 0.71470588 0.85764706],3
463,7817,7817,3,[0.29411765 0.52941176 0.71470588 0.85764706],3
464,10192,10192,3,[0.29411765 0.52941176 0.71470588 0.85764706],3
465,10307,10307,3,[0.29411765 0.52941176 0.71470588 0.85764706],3
466,25230,25230,3,[0.29411765 0.52941176 0.71470588 0.85764706],3
467,8512,8512,3,[0.29411765 0.52941176 0.71470588 0.85764706],3
468,28408,28408,3,[0.29411765 0.52941176 0.71470588 0.85764706],3
469,13722,13722,3,[0.29411765 0.52941176 0.71470588 0.85764706],3
470,17116,17116,3,[0.29411765 0.52941176 0.71470588 0.85764706],3
471,15292,15292,3,[0.29411765 0.52941176 0.71470588 0.85764706],3
472,6080,6080,3,[0.29411765 0.52941176 0.71470588 0.85764706],3
473,1303,1303,3,[0.29411765 0.52941176 0.71470588 0.85764706],3
474,19904,19904,3,[0.29411765 0.52941176 0.71470588 0.85764706],3
475,27421,27421,3,[0.29411765 0.52941176 0.71470588 0.85764706],3
476,28456,28456,3,[0.29411765 0.52941176 0.71470588 0.85764706],3
477,22342,22342,3,[0.29411765 0.52941176 0.71470588 0.85764706],3
478,6135,6135,3,[0.29411765 0.52941176 0.71470588 0.85764706],3
479,9648,9648,3,[0.29411765 0.52941176 0.71470588 0.85764706],3
480,10034,10034,3,[0.29411765 0.52941176 0.71470588 0.85764706],3
481,1444,1444,3,[0.29411765 0.52941176 0.71470588 0.85764706],3
482,10991,10991,3,[0.29411765 0.52941176 0.71470588 0.85764706],3
483,20084,20084,3,[0.29411765 0.52941176 0.71470588 0.85764706],3
484,2702,2702,3,[0.29411765 0.52941176 0.71470588 0.85764706],3
485,15802,15802,3,[0.29411765 0.52941176 0.71470588 0.85764706],3
486,26877,26877,3,[0.29411765 0.52941176 0.71470588 0.85764706],3
487,11831,11831,3,[0.29411765 0.52941176 0.71470588 0.85764706],3
488,6868,6868,3,[0.29411765 0.52941176 0.71470588 0.85764706],3
489,33592,33592,3,[0.29411765 0.52941176 0.71470588 0.85764706],3
490,15105,15105,3,[0.29411765 0.52941176 0.71470588 0.85764706],3
491,11608,11608,3,[0.29411765 0.52941176 0.71470588 0.85764706],3
492,3828,3828,3,[0.29411765 0.52941176 0.71470588 0.85764706],3
493,30195,30195,3,[0.29411765 0.52941176 0.71470588 0.85764706],3
494,7647,7647,3,[0.29411765 0.52941176 0.71470588 0.85764706],3
495,286,286,3,[0.29411765 0.52941176 0.71470588 0.85764706],3
496,30777,30777,3,[0.29411765 0.52941176 0.71470588 0.85764706],3
497,28829,28829,3,[0.29411765 0.52941176 0.71470588 0.85764706],3
498,1749,1749,3,[0.29411765 0.52941176 0.71470588 0.85764706],3
499,23604,23604,3,[0.29411765 0.52941176 0.71470588 0.85764706],3
500,27433,27433,3,[0.29411765 0.52941176 0.71470588 0.85764706],3
501,12948,12948,3,[0.29411765 0.52941176 0.71470588 0.85764706],3
502,6365,6365,3,[0.29411765 0.52941176 0.71470588 0.85764706],3
503,22015,22015,3,[0.29411765 0.52941176 0.71470588 0.85764706],3
504,28605,28605,3,[0.29411765 0.52941176 0.71470588 0.85764706],3
505,6030,6030,3,[0.29411765 0.52941176 0.71470588 0.85764706],3
506,20144,20144,3,[0.29411765 0.52941176 0.71470588 0.85764706],3
507,1518,1518,3,[0.29411765 0.52941176 0.71470588 0.85764706],3
508,12229,12229,3,[0.29411765 0.52941176 0.71470588 0.85764706],3
509,13747,13747,3,[0.29411765 0.52941176 0.71470588 0.85764706],3
510,31260,31260,3,[0.29411765 0.52941176 0.71470588 0.85764706],3
511,17663,17663,3,[0.29411765 0.52941176 0.71470588 0.85764706],3
512,8506,8506,3,[0.29411765 0.52941176 0.71470588 0.85764706],3
513,20617,20617,3,[0.29411765 0.52941176 0.71470588 0.85764706],3
514,21903,21903,3,[0.29411765 0.52941176 0.71470588 0.85764706],3
515,31602,31602,3,[0.29411765 0.52941176 0.71470588 0.85764706],3
516,2613,2613,3,[0.29411765 0.52941176 0.71470588 0.85764706],3
517,516,516,3,[0.29411765 0.52941176 0.71470588 0.85764706],3
518,1015,1015,3,[0.29411765 0.52941176 0.71470588 0.85764706],3
519,12575,12575,3,[0.29411765 0.52941176 0.71470588 0.85764706],3
520,7547,7547,3,[0.29411765 0.52941176 0.71470588 0.85764706],3
521,9630,9630,3,[0.29411765 0.52941176 0.71470588 0.85764706],3
522,27108,27108,3,[0.29411765 0.52941176 0.71470588 0.85764706],3
523,9061,9061,3,[0.29411765 0.52941176 0.71470588 0.85764706],3
524,13101,13101,3,[0.29411765 0.52941176 0.71470588 0.85764706],3
525,23372,23372,3,[0.29411765 0.52941176 0.71470588 0.85764706],3
526,30979,30979,3,[0.29411765 0.52941176 0.71470588 0.85764706],3
527,10547,10547,3,[0.29411765 0.52941176 0.71470588 0.85764706],3
528,21474,21474,3,[0.29411765 0.52941176 0.71470588 0.85764706],3
529,8392,8392,3,[0.29411765 0.52941176 0.71470588 0.85764706],3
530,13922,13922,3,[0.29411765 0.52941176 0.71470588 0.85764706],3
531,20511,20511,3,[0.29411765 0.52941176 0.71470588 0.85764706],3
532,28637,28637,3,[0.29411765 0.52941176 0.71470588 0.85764706],3
533,184,184,3,[0.29411765 0.52941176 0.71470588 0.85764706],3
534,26858,26858,3,[0.29411765 0.52941176 0.71470588 0.85764706],3
535,18701,18701,3,[0.29411765 0.52941176 0.71470588 0.85764706],3
536,25865,25865,3,[0.29411765 0.52941176 0.71470588 0.85764706],3
537,24929,24929,3,[0.29411765 0.52941176 0.71470588 0.85764706],3
538,11653,11653,3,[0.29411765 0.52941176 0.71470588 0.85764706],3
539,7928,7928,3,[0.29411765 0.52941176 0.71470588 0.85764706],3
540,20978,20978,3,[0.29411765 0.52941176 0.71470588 0.85764706],3
541,29718,29718,3,[0.29411765 0.52941176 0.71470588 0.85764706],3
542,26273,26273,3,[0.29411765 0.52941176 0.71470588 0.85764706],3
543,21294,21294,3,[0.29411765 0.52941176 0.71470588 0.85764706],3
544,2097,2097,3,[0.29411765 0.52941176 0.71470588 0.85764706],3
545,23117,23117,3,[0.29411765 0.52941176 0.71470588 0.85764706],3
546,12521,12521,3,[0.29411765 0.52941176 0.71470588 0.85764706],3
547,9188,9188,3,[0.29411765 0.52941176 0.71470588 0.85764706],3
548,28254,28254,3,[0.29411765 0.52941176 0.71470588 0.85764706],3
549,24199,24199,3,[0.29411765 0.52941176 0.71470588 0.85764706],3
550,10962,10962,3,[0.29411765 0.52941176 0.71470588 0.85764706],3
551,3168,3168,3,[0.29411765 0.52941176 0.71470588 0.85764706],3
552,15396,15396,3,[0.29411765 0.52941176 0.71470588 0.85764706],3
553,23165,23165,3,[0.29411765 0.52941176 0.71470588 0.85764706],3
554,12515,12515,3,[0.29411765 0.52941176 0.71470588 0.85764706],3
555,14044,14044,3,[0.29411765 0.52941176 0.71470588 0.85764706],3
556,31600,31600,3,[0.29411765 0.52941176 0.71470588 0.85764706],3
557,6697,6697,3,[0.29411765 0.52941176 0.71470588 0.85764706],3
558,29245,29245,3,[0.29411765 0.52941176 0.71470588 0.85764706],3
559,33200,33200,3,[0.29411765 0.52941176 0.71470588 0.85764706],3
560,318,318,3,[0.29411765 0.52941176 0.71470588 0.85764706],3
561,7758,7758,3,[0.29411765 0.52941176 0.71470588 0.85764706],3
562,1465,1465,3,[0.29411765 0.52941176 0.71470588 0.85764706],3
563,24410,24410,3,[0.29411765 0.52941176 0.71470588 0.85764706],3
564,15494,15494,3,[0.29411765 0.52941176 0.71470588 0.85764706],3
565,9584,9584,3,[0.29411765 0.52941176 0.71470588 0.85764706],3
566,4139,4139,3,[0.29411765 0.52941176 0.71470588 0.85764706],3
567,22069,22069,3,[0.29411765 0.52941176 0.71470588 0.85764706],3
568,26515,26515,3,[0.29411765 0.52941176 0.71470588 0.85764706],3
569,8378,8378,3,[0.29411765 0.52941176 0.71470588 0.85764706],3
570,25851,25851,3,[0.29411765 0.52941176 0.71470588 0.85764706],3
571,23794,23794,3,[0.29411765 0.52941176 0.71470588 0.85764706],3
572,32117,32117,3,[0.29411765 0.52941176 0.71470588 0.85764706],3
573,16882,16882,3,[0.29411765 0.52941176 0.71470588 0.85764706],3
574,17521,17521,3,[0.29411765 0.52941176 0.71470588 0.85764706],3
575,8874,8874,3,[0.29411765 0.52941176 0.71470588 0.85764706],3
576,13089,13089,3,[0.29411765 0.52941176 0.71470588 0.85764706],3
577,28442,28442,3,[0.29411765 0.52941176 0.71470588 0.85764706],3
578,23854,23854,3,[0.29411765 0.52941176 0.71470588 0.85764706],3
579,14586,14586,3,[0.29411765 0.52941176 0.71470588 0.85764706],3
580,7902,7902,3,[0.29411765 0.52941176 0.71470588 0.85764706],3
581,12890,12890,3,[0.29411765 0.52941176 0.71470588 0.85764706],3
582,7351,7351,3,[0.29411765 0.52941176 0.71470588 0.85764706],3
583,11845,11845,3,[0.29411765 0.52941176 0.71470588 0.85764706],3
584,4637,4637,3,[0.29411765 0.52941176 0.71470588 0.85764706],3
585,26877,26877,3,[0.29411765 0.52941176 0.71470588 0.85764706],3
586,19501,19501,3,[0.29411765 0.52941176 0.71470588 0.85764706],3
587,11699,11699,3,[0.29411765 0.52941176 0.71470588 0.85764706],3
588,20063,20063,3,[0.29411765 0.52941176 0.71470588 0.85764706],3
589,2272,2272,3,[0.29411765 0.52941176 0.71470588 0.85764706],3
590,11351,11351,3,[0.29411765 0.52941176 0.71470588 0.85764706],3
591,5986,5986,3,[0.29411765 0.52941176 0.71470588 0.85764706],3
592,31012,31012,3,[0.29411765 0.52941176 0.71470588 0.85764706],3
593,27158,27158,3,[0.29411765 0.52941176 0.71470588 0.85764706],3
594,4079,4079,3,[0.29411765 0.52941176 0.71470588 0.85764706],3
595,32956,32956,3,[0.29411765 0.52941176 0.71470588 0.85764706],3
596,25023,25023,3,[0.29411765 0.52941176 0.71470588 0.85764706],3
597,20762,20762,3,[0.29411765 0.52941176 0.71470588 0.85764706],3
598,8419,8419,3,[0.29411765 0.52941176 0.71470588 0.85764706],3
599,13034,13034,3,[0.29411765 0.52941176 0.71470588 0.85764706],3
600,33516,33516,3,[0.29411765 0.52941176 0.71470588 0.85764706],3
601,7070,7070,3,[0.29411765 0.52941176 0.71470588 0.85764706],3
602,15336,15336,3,[0.29411765 0.52941176 0.71470588 0.85764706],3
603,4156,4156,3,[0.29411765 0.52941176 0.71470588 0.85764706],3
604,22224,22224,3,[0.29411765 0.52941176 0.71470588 0.85764706],3
605,4227,4227,3,[0.29411765 0.52941176 0.71470588 0.85764706],3
606,5292,5292,3,[0.29411765 0.52941176 0.71470588 0.85764706],3
607,689,689,3,[0.29411765 0.52941176 0.71470588 0.85764706],3
608,14228,14228,3,[0.29411765 0.52941176 0.71470588 0.85764706],3
609,27843,27843,3,[0.29411765 0.52941176 0.71470588 0.85764706],3
610,27414,27414,3,[0.29411765 0.52941176 0.71470588 0.85764706],3
611,363,363,3,[0.29411765 0.52941176 0.71470588 0.85764706],3
612,26756,26756,3,[0.29411765 0.52941176 0.71470588 0.85764706],3
613,20762,20762,3,[0.29411765 0.52941176 0.71470588 0.85764706],3
614,4890,4890,3,[0.29411765 0.52941176 0.71470588 0.85764706],3
615,5455,5455,3,[0.29411765 0.52941176 0.71470588 0.85764706],3
616,24257,24257,3,[0.29411765 0.52941176 0.71470588 0.85764706],3
617,17910,17910,3,[0.29411765 0.52941176 0.71470588 0.85764706],3
618,9236,9236,3,[0.29411765 0.52941176 0.71470588 0.85764706],3
619,17867,17867,3,[0.29411765 0.52941176 0.71470588 0.85764706],3
620,17284,17284,3,[0.29411765 0.52941176 0.71470588 0.85764706],3
621,17575,17575,3,[0.29411765 0.52941176 0.71470588 0.85764706],3
622,27191,27191,3,[0.29411765 0.52941176 0.71470588 0.85764706],3
623,3036,3036,3,[0.29411765 0.52941176 0.71470588 0.85764706],3
624,12124,12124,3,[0.29411765 0.52941176 0.71470588 0.85764706],3
625,22168,22168,3,[0.29411765 0.52941176 0.71470588 0.85764706],3
626,16554,16554,3,[0.29411765 0.52941176 0.71470588 0.85764706],3
627,24791,24791,3,[0.29411765 0.52941176 0.71470588 0.85764706],3
628,1689,1689,3,[0.29411765 0.52941176 0.71470588 0.85764706],3
629,19608,19608,3,[0.29411765 0.52941176 0.71470588 0.85764706],3
630,31024,31024,3,[0.29411765 0.52941176 0.71470588 0.85764706],3
631,11844,11844,3,[0.29411765 0.52941176 0.71470588 0.85764706],3
632,12620,12620,3,[0.29411765 0.52941176 0.71470588 0.85764706],3
633,110,110,3,[0.29411765 0.52941176 0.71470588 0.85764706],3
634,5440,5440,3,[0.29411765 0.52941176 0.71470588 0.85764706],3
635,5292,5292,3,[0.29411765 0.52941176 0.71470588 0.85764706],3
636,13286,13286,3,[0.29411765 0.52941176 0.71470588 0.85764706],3
637,30914,30914,3,[0.29411765 0.52941176 0.71470588 0.85764706],3
638,348,348,3,[0.29411765 0.52941176 0.71470588 0.85764706],3
639,20978,20978,3,[0.29411765 0.52941176 0.71470588 0.85764706],3
640,20762,20762,3,[0.29411765 0.52941176 0.71470588 0.85764706],3
641,12459,12459,3,[0.29411765 0.52941176 0.71470588 0.85764706],3
642,18633,18633,3,[0.29411765 0.52941176 0.71470588 0.85764706],3
643,3936,3936,3,[0.29411765 0.52941176 0.71470588 0.85764706],3
644,12587,12587,3,[0.29411765 0.52941176 0.71470588 0.85764706],3
645,11165,11165,3,[0.29411765 0.52941176 0.71470588 0.85764706],3
646,3415,3415,3,[0.29411765 0.52941176 0.71470588 0.85764706],3
647,20685,20685,3,[0.29411765 0.52941176 0.71470588 0.85764706],3
648,4709,4709,3,[0.29411765 0.52941176 0.71470588 0.85764706],3
649,20014,20014,3,[0.29411765 0.52941176 0.71470588 0.85764706],3
650,12935,12935,3,[0.29411765 0.52941176 0.71470588 0.85764706],3
651,9462,9462,3,[0.29411765 0.52941176 0.71470588 0.85764706],3
652,23908,23908,3,[0.29411765 0.52941176 0.71470588 0.85764706],3
653,21294,21294,3,[0.29411765 0.52941176 0.71470588 0.85764706],3
654,20718,20718,3,[0.29411765 0.52941176 0.71470588 0.85764706],3
655,2286,2286,3,[0.29411765 0.52941176 0.71470588 0.85764706],3
656,1394,1394,3,[0.29411765 0.52941176 0.71470588 0.85764706],3
657,5723,5723,3,[0.29411765 0.52941176 0.71470588 0.85764706],3
658,774,774,3,[0.29411765 0.52941176 0.71470588 0.85764706],3
659,26909,26909,3,[0.29411765 0.52941176 0.71470588 0.85764706],3
660,28605,28605,3,[0.29411765 0.52941176 0.71470588 0.85764706],3
661,10232,10232,3,[0.29411765 0.52941176 0.71470588 0.85764706],3
662,9749,9749,3,[0.29411765 0.52941176 0.71470588 0.85764706],3
663,30230,30230,3,[0.29411765 0.52941176 0.71470588 0.85764706],3
664,21826,21826,3,[0.29411765 0.52941176 0.71470588 0.85764706],3
665,22877,22877,3,[0.29411765 0.52941176 0.71470588 0.85764706],3
666,10461,10461,3,[0.29411765 0.52941176 0.71470588 0.85764706],3
667,15565,15565,3,[0.29411765 0.52941176 0.71470588 0.85764706],3
668,5072,5072,3,[0.29411765 0.52941176 0.71470588 0.85764706],3
669,26954,26954,3,[0.29411765 0.52941176 0.71470588 0.85764706],3
670,18321,18321,3,[0.29411765 0.52941176 0.71470588 0.85764706],3
671,13610,13610,3,[0.29411765 0.52941176 0.71470588 0.85764706],3
672,18108,18108,3,[0.29411765 0.52941176 0.71470588 0.85764706],3
673,32623,32623,3,[0.29411765 0.52941176 0.71470588 0.85764706],3
674,174,174,3,[0.29411765 0.52941176 0.71470588 0.85764706],3
675,773,773,3,[0.29411765 0.52941176 0.71470588 0.85764706],3
676,3293,3293,3,[0.29411765 0.52941176 0.71470588 0.85764706],3
677,16794,16794,3,[0.29411765 0.52941176 0.71470588 0.85764706],3
678,29672,29672,3,[0.29411765 0.52941176 0.71470588 0.85764706],3
679,2427,2427,3,[0.29411765 0.52941176 0.71470588 0.85764706],3
680,8517,8517,3,[0.29411765 0.52941176 0.71470588 0.85764706],3
681,3515,3515,3,[0.29411765 0.52941176 0.71470588 0.85764706],3
682,2996,2996,3,[0.29411765 0.52941176 0.71470588 0.85764706],3
683,20762,20762,3,[0.29411765 0.52941176 0.71470588 0.85764706],3
684,13089,13089,3,[0.29411765 0.52941176 0.71470588 0.85764706],3
685,17663,17663,3,[0.29411765 0.52941176 0.71470588 0.85764706],3
686,10405,10405,3,[0.29411765 0.52941176 0.71470588 0.85764706],3
687,12813,12813,3,[0.29411765 0.52941176 0.71470588 0.85764706],3
688,9006,9006,3,[0.29411765 0.52941176 0.71470588 0.85764706],3
689,21308,21308,3,[0.29411765 0.52941176 0.71470588 0.85764706],3
690,7525,7525,3,[0.29411765 0.52941176 0.71470588 0.85764706],3
691,24360,24360,3,[0.29411765 0.52941176 0.71470588 0.85764706],3
692,12436,12436,3,[0.29411765 0.52941176 0.71470588 0.85764706],3
693,10837,10837,3,[0.29411765 0.52941176 0.71470588 0.85764706],3
694,8797,8797,3,[0.29411765 0.52941176 0.71470588 0.85764706],3
695,24377,24377,3,[0.29411765 0.52941176 0.71470588 0.85764706],3
696,12739,12739,3,[0.29411765 0.52941176 0.71470588 0.85764706],3
697,12775,12775,3,[0.29411765 0.52941176 0.71470588 0.85764706],3
698,6747,6747,3,[0.29411765 0.52941176 0.71470588 0.85764706],3
699,30789,30789,3,[0.29411765 0.52941176 0.71470588 0.85764706],3
700,1683,1683,3,[0.29411765 0.52941176 0.71470588 0.85764706],3
701,5769,5769,3,[0.29411765 0.52941176 0.71470588 0.85764706],3
702,14780,14780,3,[0.29411765 0.52941176 0.71470588 0.85764706],3
703,25103,25103,3,[0.29411765 0.52941176 0.71470588 0.85764706],3
704,14769,14769,3,[0.29411765 0.52941176 0.71470588 0.85764706],3
705,12322,12322,3,[0.29411765 0.52941176 0.71470588 0.85764706],3
706,24147,24147,3,[0.29411765 0.52941176 0.71470588 0.85764706],3
707,11841,11841,3,[0.29411765 0.52941176 0.71470588 0.85764706],3
708,13712,13712,3,[0.29411765 0.52941176 0.71470588 0.85764706],3
709,10904,10904,3,[0.29411765 0.52941176 0.71470588 0.85764706],3
710,11699,11699,3,[0.29411765 0.52941176 0.71470588 0.85764706],3
711,10069,10069,3,[0.29411765 0.52941176 0.71470588 0.85764706],3
712,24012,24012,3,[0.29411765 0.52941176 0.71470588 0.85764706],3
713,22272,22272,3,[0.29411765 0.52941176 0.71470588 0.85764706],3
714,30227,30227,3,[0.29411765 0.52941176 0.71470588 0.85764706],3
715,3973,3973,3,[0.29411765 0.52941176 0.71470588 0.85764706],3
716,20573,20573,3,[0.29411765 0.52941176 0.71470588 0.85764706],3
717,10926,10926,3,[0.29411765 0.52941176 0.71470588 0.85764706],3
718,11281,11281,3,[0.29411765 0.52941176 0.71470588 0.85764706],3
719,10821,10821,3,[0.29411765 0.52941176 0.71470588 0.85764706],3
720,21903,21903,3,[0.29411765 0.52941176 0.71470588 0.85764706],3
721,24416,24416,3,[0.29411765 0.52941176 0.71470588 0.85764706],3
722,27722,27722,3,[0.29411765 0.52941176 0.71470588 0.85764706],3
723,26285,26285,3,[0.29411765 0.52941176 0.71470588 0.85764706],3
724,32732,32732,3,[0.29411765 0.52941176 0.71470588 0.85764706],3
725,16035,16035,3,[0.29411765 0.52941176 0.71470588 0.85764706],3
726,4273,4273,3,[0.29411765 0.52941176 0.71470588 0.85764706],3
727,18995,18995,3,[0.29411765 0.52941176 0.71470588 0.85764706],3
728,8550,8550,3,[0.29411765 0.52941176 0.71470588 0.85764706],3
729,12229,12229,3,[0.29411765 0.52941176 0.71470588 0.85764706],3
730,27554,27554,3,[0.29411765 0.52941176 0.71470588 0.85764706],3
731,30527,30527,3,[0.29411765 0.52941176 0.71470588 0.85764706],3
732,8201,8201,3,[0.29411765 0.52941176 0.71470588 0.85764706],3
733,12908,12908,3,[0.29411765 0.52941176 0.71470588 0.85764706],3
734,14358,14358,3,[0.29411765 0.52941176 0.71470588 0.85764706],3
735,18360,18360,3,[0.29411765 0.52941176 0.71470588 0.85764706],3
736,29747,29747,3,[0.29411765 0.52941176 0.71470588 0.85764706],3
737,25093,25093,3,[0.29411765 0.52941176 0.71470588 0.85764706],3
738,8266,8266,3,[0.29411765 0.52941176 0.71470588 0.85764706],3
739,23744,23744,3,[0.29411765 0.52941176 0.71470588 0.85764706],3
740,5656,5656,3,[0.29411765 0.52941176 0.71470588 0.85764706],3
741,26736,26736,3,[0.29411765 0.52941176 0.71470588 0.85764706],3
742,18480,18480,3,[0.29411765 0.52941176 0.71470588 0.85764706],3
743,25474,25474,3,[0.29411765 0.52941176 0.71470588 0.85764706],3
744,7216,7216,3,[0.29411765 0.52941176 0.71470588 0.85764706],3
745,3016,3016,3,[0.29411765 0.52941176 0.71470588 0.85764706],3
746,14599,14599,3,[0.29411765 0.52941176 0.71470588 0.85764706],3
747,26015,26015,3,[0.29411765 0.52941176 0.71470588 0.85764706],3
748,15612,15612,3,[0.29411765 0.52941176 0.71470588 0.85764706],3
749,131,131,3,[0.29411765 0.52941176 0.71470588 0.85764706],3
750,18384,18384,3,[0.29411765 0.52941176 0.71470588 0.85764706],3
751,2299,2299,3,[0.29411765 0.52941176 0.71470588 0.85764706],3
752,2883,2883,3,[0.29411765 0.52941176 0.71470588 0.85764706],3
753,8517,8517,3,[0.29411765 0.52941176 0.71470588 0.85764706],3
754,9963,9963,3,[0.29411765 0.52941176 0.71470588 0.85764706],3
755,21308,21308,3,[0.29411765 0.52941176 0.71470588 0.85764706],3
756,11983,11983,3,[0.29411765 0.52941176 0.71470588 0.85764706],3
757,21993,21993,3,[0.29411765 0.52941176 0.71470588 0.85764706],3
758,16902,16902,3,[0.29411765 0.52941176 0.71470588 0.85764706],3
759,21905,21905,3,[0.29411765 0.52941176 0.71470588 0.85764706],3
760,20287,20287,3,[0.29411765 0.52941176 0.71470588 0.85764706],3
761,1020,1020,3,[0.29411765 0.52941176 0.71470588 0.85764706],3
762,773,773,3,[0.29411765 0.52941176 0.71470588 0.85764706],3
763,28101,28101,3,[0.29411765 0.52941176 0.71470588 0.85764706],3
764,4355,4355,3,[0.29411765 0.52941176 0.71470588 0.85764706],3
765,6719,6719,3,[0.29411765 0.52941176 0.71470588 0.85764706],3
766,1361,1361,3,[0.29411765 0.52941176 0.71470588 0.85764706],3
767,18569,18569,3,[0.29411765 0.52941176 0.71470588 0.85764706],3
768,14397,14397,3,[0.29411765 0.52941176 0.71470588 0.85764706],3
769,6456,6456,3,[0.29411765 0.52941176 0.71470588 0.85764706],3
770,4350,4350,3,[0.29411765 0.52941176 0.71470588 0.85764706],3
771,32379,32379,3,[0.29411765 0.52941176 0.71470588 0.85764706],3
772,4812,4812,3,[0.29411765 0.52941176 0.71470588 0.85764706],3
773,16687,16687,3,[0.29411765 0.52941176 0.71470588 0.85764706],3
774,6372,6372,3,[0.29411765 0.52941176 0.71470588 0.85764706],3
775,1444,1444,3,[0.29411765 0.52941176 0.71470588 0.85764706],3
776,29533,29533,3,[0.29411765 0.52941176 0.71470588 0.85764706],3
777,28950,28950,3,[0.29411765 0.52941176 0.71470588 0.85764706],3
778,9267,9267,3,[0.29411765 0.52941176 0.71470588 0.85764706],3
779,13246,13246,3,[0.29411765 0.52941176 0.71470588 0.85764706],3
780,18634,18634,3,[0.29411765 0.52941176 0.71470588 0.85764706],3
781,9379,9379,3,[0.29411765 0.52941176 0.71470588 0.85764706],3
782,31813,31813,3,[0.29411765 0.52941176 0.71470588 0.85764706],3
783,31046,31046,3,[0.29411765 0.52941176 0.71470588 0.85764706],3
784,29244,29244,3,[0.29411765 0.52941176 0.71470588 0.85764706],3
785,12020,12020,3,[0.29411765 0.52941176 0.71470588 0.85764706],3
786,11986,11986,3,[0.29411765 0.52941176 0.71470588 0.85764706],3
787,22408,22408,3,[0.29411765 0.52941176 0.71470588 0.85764706],3
788,25348,25348,3,[0.29411765 0.52941176 0.71470588 0.85764706],3
789,23491,23491,3,[0.29411765 0.52941176 0.71470588 0.85764706],3
790,7470,7470,3,[0.29411765 0.52941176 0.71470588 0.85764706],3
791,25112,25112,3,[0.29411765 0.52941176 0.71470588 0.85764706],3
792,23999,23999,3,[0.29411765 0.52941176 0.71470588 0.85764706],3
793,2540,2540,3,[0.29411765 0.52941176 0.71470588 0.85764706],3
794,13207,13207,3,[0.29411765 0.52941176 0.71470588 0.85764706],3
795,16688,16688,3,[0.29411765 0.52941176 0.71470588 0.85764706],3
796,6746,6746,3,[0.29411765 0.52941176 0.71470588 0.85764706],3
797,21792,21792,3,[0.29411765 0.52941176 0.71470588 0.85764706],3
798,29846,29846,3,[0.29411765 0.52941176 0.71470588 0.85764706],3
799,7985,7985,3,[0.29411765 0.52941176 0.71470588 0.85764706],3
800,24894,24894,3,[0.29411765 0.52941176 0.71470588 0.85764706],3
801,1351,1351,3,[0.29411765 0.52941176 0.71470588 0.85764706],3
802,9791,9791,3,[0.29411765 0.52941176 0.71470588 0.85764706],3
803,10407,10407,3,[0.29411765 0.52941176 0.71470588 0.85764706],3
804,6232,6232,3,[0.29411765 0.52941176 0.71470588 0.85764706],3
805,25706,25706,3,[0.29411765 0.52941176 0.71470588 0.85764706],3
806,29268,29268,3,[0.29411765 0.52941176 0.71470588 0.85764706],3
807,15303,15303,3,[0.29411765 0.52941176 0.71470588 0.85764706],3
808,12827,12827,3,[0.29411765 0.52941176 0.71470588 0.85764706],3
809,954,954,3,[0.29411765 0.52941176 0.71470588 0.85764706],3
810,11062,11062,3,[0.29411765 0.52941176 0.71470588 0.85764706],3
811,5491,5491,3,[0.29411765 0.52941176 0.71470588 0.85764706],3
812,22513,22513,3,[0.29411765 0.52941176 0.71470588 0.85764706],3
813,12949,12949,3,[0.29411765 0.52941176 0.71470588 0.85764706],3
814,14317,14317,3,[0.29411765 0.52941176 0.71470588 0.85764706],3
815,21864,21864,3,[0.29411765 0.52941176 0.71470588 0.85764706],3
816,15094,15094,3,[0.29411765 0.52941176 0.71470588 0.85764706],3
817,6945,6945,3,[0.29411765 0.52941176 0.71470588 0.85764706],3
818,23807,23807,3,[0.29411765 0.52941176 0.71470588 0.85764706],3
819,26269,26269,3,[0.29411765 0.52941176 0.71470588 0.85764706],3
820,33157,33157,3,[0.29411765 0.52941176 0.71470588 0.85764706],3
821,1195,1195,3,[0.29411765 0.52941176 0.71470588 0.85764706],3
822,16687,16687,3,[0.29411765 0.52941176 0.71470588 0.85764706],3
823,17681,17681,3,[0.29411765 0.52941176 0.71470588 0.85764706],3
824,28678,28678,3,[0.29411765 0.52941176 0.71470588 0.85764706],3
825,17715,17715,3,[0.29411765 0.52941176 0.71470588 0.85764706],3
826,13350,13350,3,[0.29411765 0.52941176 0.71470588 0.85764706],3
827,6191,6191,3,[0.29411765 0.52941176 0.71470588 0.85764706],3
828,32545,32545,3,[0.29411765 0.52941176 0.71470588 0.85764706],3
829,21309,21309,3,[0.29411765 0.52941176 0.71470588 0.85764706],3
830,8472,8472,3,[0.29411765 0.52941176 0.71470588 0.85764706],3
831,27820,27820,3,[0.29411765 0.52941176 0.71470588 0.85764706],3
832,25865,25865,3,[0.29411765 0.52941176 0.71470588 0.85764706],3
833,20039,20039,3,[0.29411765 0.52941176 0.71470588 0.85764706],3
834,15465,15465,3,[0.29411765 0.52941176 0.71470588 0.85764706],3
835,31996,31996,3,[0.29411765 0.52941176 0.71470588 0.85764706],3
836,14019,14019,3,[0.29411765 0.52941176 0.71470588 0.85764706],3
837,21319,21319,3,[0.29411765 0.52941176 0.71470588 0.85764706],3
838,20930,20930,3,[0.29411765 0.52941176 0.71470588 0.85764706],3
839,29244,29244,3,[0.29411765 0.52941176 0.71470588 0.85764706],3
840,10703,10703,3,[0.29411765 0.52941176 0.71470588 0.85764706],3
841,5382,5382,3,[0.29411765 0.52941176 0.71470588 0.85764706],3
842,13696,13696,3,[0.29411765 0.52941176 0.71470588 0.85764706],3
843,7225,7225,3,[0.29411765 0.52941176 0.71470588 0.85764706],3
844,9833,9833,3,[0.29411765 0.52941176 0.71470588 0.85764706],3
845,27359,27359,3,[0.29411765 0.52941176 0.71470588 0.85764706],3
846,29535,29535,3,[0.29411765 0.52941176 0.71470588 0.85764706],3
847,19082,19082,3,[0.29411765 0.52941176 0.71470588 0.85764706],3
848,22489,22489,3,[0.29411765 0.52941176 0.71470588 0.85764706],3
849,10175,10175,3,[0.29411765 0.52941176 0.71470588 0.85764706],3
850,10718,10718,3,[0.29411765 0.52941176 0.71470588 0.85764706],3
851,9360,9360,3,[0.29411765 0.52941176 0.71470588 0.85764706],3
852,3915,3915,3,[0.29411765 0.52941176 0.71470588 0.85764706],3
853,14760,14760,3,[0.29411765 0.52941176 0.71470588 0.85764706],3
854,12778,12778,3,[0.29411765 0.52941176 0.71470588 0.85764706],3
855,27108,27108,3,[0.29411765 0.52941176 0.71470588 0.85764706],3
856,12988,12988,3,[0.29411765 0.52941176 0.71470588 0.85764706],3
857,14463,14463,3,[0.29411765 0.52941176 0.71470588 0.85764706],3
858,29244,29244,3,[0.29411765 0.52941176 0.71470588 0.85764706],3
859,21109,21109,3,[0.29411765 0.52941176 0.71470588 0.85764706],3
860,16495,16495,3,[0.29411765 0.52941176 0.71470588 0.85764706],3
861,20790,20790,3,[0.29411765 0.52941176 0.71470588 0.85764706],3
862,6280,6280,3,[0.29411765 0.52941176 0.71470588 0.85764706],3
863,27843,27843,3,[0.29411765 0.52941176 0.71470588 0.85764706],3
864,19050,19050,3,[0.29411765 0.52941176 0.71470588 0.85764706],3
865,16687,16687,3,[0.29411765 0.52941176 0.71470588 0.85764706],3
866,5306,5306,3,[0.29411765 0.52941176 0.71470588 0.85764706],3
867,22226,22226,3,[0.29411765 0.52941176 0.71470588 0.85764706],3
868,23126,23126,3,[0.29411765 0.52941176 0.71470588 0.85764706],3
869,8873,8873,3,[0.29411765 0.52941176 0.71470588 0.85764706],3
870,29324,29324,3,[0.29411765 0.52941176 0.71470588 0.85764706],3
871,23019,23019,3,[0.29411765 0.52941176 0.71470588 0.85764706],3
872,29535,29535,3,[0.29411765 0.52941176 0.71470588 0.85764706],3
873,17088,17088,3,[0.29411765 0.52941176 0.71470588 0.85764706],3
874,26941,26941,3,[0.29411765 0.52941176 0.71470588 0.85764706],3
875,4855,4855,3,[0.29411765 0.52941176 0.71470588 0.85764706],3
876,6802,6802,3,[0.29411765 0.52941176 0.71470588 0.85764706],3
877,22013,22013,3,[0.29411765 0.52941176 0.71470588 0.85764706],3
878,18891,18891,3,[0.29411765 0.52941176 0.71470588 0.85764706],3
879,14368,14368,3,[0.29411765 0.52941176 0.71470588 0.85764706],3
880,29244,29244,3,[0.29411765 0.52941176 0.71470588 0.85764706],3
881,15561,15561,3,[0.29411765 0.52941176 0.71470588 0.85764706],3
882,13116,13116,3,[0.29411765 0.52941176 0.71470588 0.85764706],3
883,18888,18888,3,[0.29411765 0.52941176 0.71470588 0.85764706],3
884,2309,2309,3,[0.29411765 0.52941176 0.71470588 0.85764706],3
885,1803,1803,3,[0.29411765 0.52941176 0.71470588 0.85764706],3
886,6470,6470,3,[0.29411765 0.52941176 0.71470588 0.85764706],3
887,12195,12195,3,[0.29411765 0.52941176 0.71470588 0.85764706],3
888,10514,10514,3,[0.29411765 0.52941176 0.71470588 0.85764706],3
889,27302,27302,3,[0.29411765 0.52941176 0.71470588 0.85764706],3
890,483,483,3,[0.29411765 0.52941176 0.71470588 0.85764706],3
891,15702,15702,3,[0.29411765 0.52941176 0.71470588 0.85764706],3
892,16917,16917,3,[0.29411765 0.52941176 0.71470588 0.85764706],3
893,24516,24516,3,[0.29411765 0.52941176 0.71470588 0.85764706],3
894,20471,20471,3,[0.29411765 0.52941176 0.71470588 0.85764706],3
895,11699,11699,3,[0.29411765 0.52941176 0.71470588 0.85764706],3
896,28461,28461,3,[0.29411765 0.52941176 0.71470588 0.85764706],3
897,30264,30264,3,[0.29411765 0.52941176 0.71470588 0.85764706],3
898,33021,33021,3,[0.29411765 0.52941176 0.71470588 0.85764706],3
899,29468,29468,3,[0.29411765 0.52941176 0.71470588 0.85764706],3
900,10774,10774,3,[0.29411765 0.52941176 0.71470588 0.85764706],3
901,15513,15513,3,[0.29411765 0.52941176 0.71470588 0.85764706],3
902,4308,4308,3,[0.29411765 0.52941176 0.71470588 0.85764706],3
903,32732,32732,3,[0.29411765 0.52941176 0.71470588 0.85764706],3
904,15266,15266,3,[0.29411765 0.52941176 0.71470588 0.85764706],3
905,18499,18499,3,[0.29411765 0.52941176 0.71470588 0.85764706],3
906,23783,23783,3,[0.29411765 0.52941176 0.71470588 0.85764706],3
907,1701,1701,3,[0.29411765 0.52941176 0.71470588 0.85764706],3
908,3108,3108,3,[0.29411765 0.52941176 0.71470588 0.85764706],3
909,24443,24443,3,[0.29411765 0.52941176 0.71470588 0.85764706],3
910,26814,26814,3,[0.29411765 0.52941176 0.71470588 0.85764706],3
911,12572,12572,3,[0.29411765 0.52941176 0.71470588 0.85764706],3
912,28478,28478,3,[0.29411765 0.52941176 0.71470588 0.85764706],3
913,3378,3378,3,[0.29411765 0.52941176 0.71470588 0.85764706],3
914,30600,30600,3,[0.29411765 0.52941176 0.71470588 0.85764706],3
915,15084,15084,3,[0.29411765 0.52941176 0.71470588 0.85764706],3
916,775,775,3,[0.29411765 0.52941176 0.71470588 0.85764706],3
917,29950,29950,3,[0.29411765 0.52941176 0.71470588 0.85764706],3
918,2286,2286,3,[0.29411765 0.52941176 0.71470588 0.85764706],3
919,6945,6945,3,[0.29411765 0.52941176 0.71470588 0.85764706],3
920,26471,26471,3,[0.29411765 0.52941176 0.71470588 0.85764706],3
921,2939,2939,3,[0.29411765 0.52941176 0.71470588 0.85764706],3
922,12978,12978,3,[0.29411765 0.52941176 0.71470588 0.85764706],3
923,29393,29393,3,[0.29411765 0.52941176 0.71470588 0.85764706],3
924,3378,3378,3,[0.29411765 0.52941176 0.71470588 0.85764706],3
925,3697,3697,3,[0.29411765 0.52941176 0.71470588 0.85764706],3
926,149,149,3,[0.29411765 0.52941176 0.71470588 0.85764706],3
927,7484,7484,3,[0.29411765 0.52941176 0.71470588 0.85764706],3
928,17521,17521,3,[0.29411765 0.52941176 0.71470588 0.85764706],3
929,522,522,3,[0.29411765 0.52941176 0.71470588 0.85764706],3
930,23917,23917,3,[0.29411765 0.52941176 0.71470588 0.85764706],3
931,9584,9584,3,[0.29411765 0.52941176 0.71470588 0.85764706],3
932,936,936,3,[0.29411765 0.52941176 0.71470588 0.85764706],3
933,21283,21283,3,[0.29411765 0.52941176 0.71470588 0.85764706],3
934,17536,17536,3,[0.29411765 0.52941176 0.71470588 0.85764706],3
935,21484,21484,3,[0.29411765 0.52941176 0.71470588 0.85764706],3
936,3927,3927,3,[0.29411765 0.52941176 0.71470588 0.85764706],3
937,12370,12370,3,[0.29411765 0.52941176 0.71470588 0.85764706],3
938,12229,12229,3,[0.29411765 0.52941176 0.71470588 0.85764706],3
939,32137,32137,3,[0.29411765 0.52941176 0.71470588 0.85764706],3
940,11018,11018,3,[0.29411765 0.52941176 0.71470588 0.85764706],3
941,492,492,3,[0.29411765 0.52941176 0.71470588 0.85764706],3
942,11850,11850,3,[0.29411765 0.52941176 0.71470588 0.85764706],3
943,19189,19189,3,[0.29411765 0.52941176 0.71470588 0.85764706],3
944,6945,6945,3,[0.29411765 0.52941176 0.71470588 0.85764706],3
945,16376,16376,3,[0.29411765 0.52941176 0.71470588 0.85764706],3
946,18416,18416,3,[0.29411765 0.52941176 0.71470588 0.85764706],3
947,22728,22728,3,[0.29411765 0.52941176 0.71470588 0.85764706],3
948,6814,6814,3,[0.29411765 0.52941176 0.71470588 0.85764706],3
949,27216,27216,3,[0.29411765 0.52941176 0.71470588 0.85764706],3
950,16681,16681,3,[0.29411765 0.52941176 0.71470588 0.85764706],3
951,7121,7121,3,[0.29411765 0.52941176 0.71470588 0.85764706],3
952,14707,14707,3,[0.29411765 0.52941176 0.71470588 0.85764706],3
953,17838,17838,3,[0.29411765 0.52941176 0.71470588 0.85764706],3
954,20975,20975,3,[0.29411765 0.52941176 0.71470588 0.85764706],3
955,16923,16923,3,[0.29411765 0.52941176 0.71470588 0.85764706],3
956,13326,13326,3,[0.29411765 0.52941176 0.71470588 0.85764706],3
957,1463,1463,3,[0.29411765 0.52941176 0.71470588 0.85764706],3
958,566,566,3,[0.29411765 0.52941176 0.71470588 0.85764706],3
959,23744,23744,3,[0.29411765 0.52941176 0.71470588 0.85764706],3
960,9962,9962,3,[0.29411765 0.52941176 0.71470588 0.85764706],3
961,23156,23156,3,[0.29411765 0.52941176 0.71470588 0.85764706],3
962,27948,27948,3,[0.29411765 0.52941176 0.71470588 0.85764706],3
963,4454,4454,3,[0.29411765 0.52941176 0.71470588 0.85764706],3
964,32286,32286,3,[0.29411765 0.52941176 0.71470588 0.85764706],3
965,26102,26102,3,[0.29411765 0.52941176 0.71470588 0.85764706],3
966,18082,18082,3,[0.29411765 0.52941176 0.71470588 0.85764706],3
967,32600,32600,3,[0.29411765 0.52941176 0.71470588 0.85764706],3
968,24999,24999,3,[0.29411765 0.52941176 0.71470588 0.85764706],3
969,20144,20144,3,[0.29411765 0.52941176 0.71470588 0.85764706],3
970,25248,25248,3,[0.29411765 0.52941176 0.71470588 0.85764706],3
971,3978,3978,3,[0.29411765 0.52941176 0.71470588 0.85764706],3
972,17120,17120,3,[0.29411765 0.52941176 0.71470588 0.85764706],3
973,3321,3321,3,[0.29411765 0.52941176 0.71470588 0.85764706],3
974,2549,2549,3,[0.29411765 0.52941176 0.71470588 0.85764706],3
975,8326,8326,3,[0.29411765 0.52941176 0.71470588 0.85764706],3
976,15200,15200,3,[0.29411765 0.52941176 0.71470588 0.85764706],3
977,31553,31553,3,[0.29411765 0.52941176 0.71470588 0.85764706],3
978,24989,24989,3,[0.29411765 0.52941176 0.71470588 0.85764706],3
979,15274,15274,3,[0.29411765 0.52941176 0.71470588 0.85764706],3
980,21905,21905,3,[0.29411765 0.52941176 0.71470588 0.85764706],3
981,18843,18843,3,[0.29411765 0.52941176 0.71470588 0.85764706],3
982,975,975,3,[0.29411765 0.52941176 0.71470588 0.85764706],3
983,5084,5084,3,[0.29411765 0.52941176 0.71470588 0.85764706],3
984,6498,6498,3,[0.29411765 0.52941176 0.71470588 0.85764706],3
985,12871,12871,3,[0.29411765 0.52941176 0.71470588 0.85764706],3
986,25563,25563,3,[0.29411765 0.52941176 0.71470588 0.85764706],3
987,31676,31676,3,[0.29411765 0.52941176 0.71470588 0.85764706],3
988,22543,22543,3,[0.29411765 0.52941176 0.71470588 0.85764706],3
989,32379,32379,3,[0.29411765 0.52941176 0.71470588 0.85764706],3
990,10176,10176,3,[0.29411765 0.52941176 0.71470588 0.85764706],3
991,3936,3936,3,[0.29411765 0.52941176 0.71470588 0.85764706],3
992,11669,11669,3,[0.29411765 0.52941176 0.71470588 0.85764706],3
993,29324,29324,3,[0.29411765 0.52941176 0.71470588 0.85764706],3
994,29563,29563,3,[0.29411765 0.52941176 0.71470588 0.85764706],3
995,10757,10757,3,[0.29411765 0.52941176 0.71470588 0.85764706],3
996,11005,11005,3,[0.29411765 0.52941176 0.71470588 0.85764706],3
997,10602,10602,3,[0.29411765 0.52941176 0.71470588 0.85764706],3
998,17262,17262,3,[0.29411765 0.52941176 0.71470588 0.85764706],3
999,5227,5227,3,[0.29411765 0.52941176 0.71470588 0.85764706],3
1000,26749,26749,3,[0.29411765 0.52941176 0.71470588 0.85764706],3
